<?xml version="1.0" encoding="UTF-8"?><?xml-stylesheet type='text/xsl' href='_UpgradeReport_Files/UpgradeReport.xslt'?><UpgradeLog>
<Properties><Property Name="Solution" Value="Markov">
</Property><Property Name="Solution File" Value="C:\Users\yasberth\Desktop\trabajos\IO\IO 3\Programas IO II Diego Armando Gordillo Vazquez\5.- Markov\Markov.sln">
</Property><Property Name="User Options File" Value="C:\Users\yasberth\Desktop\trabajos\IO\IO 3\Programas IO II Diego Armando Gordillo Vazquez\5.- Markov\Markov.suo">
</Property><Property Name="Date" Value="lunes, 06 de mayo de 2013">
</Property><Property Name="Time" Value="22:38 p.m.">
</Property></Properties><Event ErrorLevel="0" Project="" Source="Markov.sln" Description="File successfully backed up as C:\Users\yasberth\Desktop\trabajos\IO\IO 3\Programas IO II Diego Armando Gordillo Vazquez\5.- Markov\Backup\Markov.sln">
</Event><Event ErrorLevel="0" Project="" Source="Markov.suo" Description="File successfully backed up as C:\Users\yasberth\Desktop\trabajos\IO\IO 3\Programas IO II Diego Armando Gordillo Vazquez\5.- Markov\Backup\Markov.suo">
</Event><Event ErrorLevel="0" Project="Markov" Source="Markov\Markov.csproj" Description="Project file successfully backed up as C:\Users\yasberth\Desktop\trabajos\IO\IO 3\Programas IO II Diego Armando Gordillo Vazquez\5.- Markov\Backup\Markov\Markov.csproj">
</Event><Event ErrorLevel="0" Project="Markov" Source="Markov\Form1.cs" Description="File successfully backed up as C:\Users\yasberth\Desktop\trabajos\IO\IO 3\Programas IO II Diego Armando Gordillo Vazquez\5.- Markov\Backup\Markov\Form1.cs">
</Event><Event ErrorLevel="0" Project="Markov" Source="Markov\Form1.Designer.cs" Description="File successfully backed up as C:\Users\yasberth\Desktop\trabajos\IO\IO 3\Programas IO II Diego Armando Gordillo Vazquez\5.- Markov\Backup\Markov\Form1.Designer.cs">
</Event><Event ErrorLevel="0" Project="Markov" Source="Markov\Program.cs" Description="File successfully backed up as C:\Users\yasberth\Desktop\trabajos\IO\IO 3\Programas IO II Diego Armando Gordillo Vazquez\5.- Markov\Backup\Markov\Program.cs">
</Event><Event ErrorLevel="0" Project="Markov" Source="Markov\Properties\AssemblyInfo.cs" Description="File successfully backed up as C:\Users\yasberth\Desktop\trabajos\IO\IO 3\Programas IO II Diego Armando Gordillo Vazquez\5.- Markov\Backup\Markov\Properties\AssemblyInfo.cs">
</Event><Event ErrorLevel="0" Project="Markov" Source="Markov\Properties\Resources.Designer.cs" Description="File successfully backed up as C:\Users\yasberth\Desktop\trabajos\IO\IO 3\Programas IO II Diego Armando Gordillo Vazquez\5.- Markov\Backup\Markov\Properties\Resources.Designer.cs">
</Event><Event ErrorLevel="0" Project="Markov" Source="Markov\Properties\Settings.Designer.cs" Description="File successfully backed up as C:\Users\yasberth\Desktop\trabajos\IO\IO 3\Programas IO II Diego Armando Gordillo Vazquez\5.- Markov\Backup\Markov\Properties\Settings.Designer.cs">
</Event><Event ErrorLevel="0" Project="Markov" Source="Markov\Properties\Settings.settings" Description="File successfully backed up as C:\Users\yasberth\Desktop\trabajos\IO\IO 3\Programas IO II Diego Armando Gordillo Vazquez\5.- Markov\Backup\Markov\Properties\Settings.settings">
</Event><Event ErrorLevel="0" Project="Markov" Source="Markov\Form1.resx" Description="File successfully backed up as C:\Users\yasberth\Desktop\trabajos\IO\IO 3\Programas IO II Diego Armando Gordillo Vazquez\5.- Markov\Backup\Markov\Form1.resx">
</Event><Event ErrorLevel="0" Project="Markov" Source="Markov\Properties\Resources.resx" Description="File successfully backed up as C:\Users\yasberth\Desktop\trabajos\IO\IO 3\Programas IO II Diego Armando Gordillo Vazquez\5.- Markov\Backup\Markov\Properties\Resources.resx">
</Event><Event ErrorLevel="0" Project="Markov" Source="Markov\Markov.csproj" Description="Project converted successfully">
</Event><Event ErrorLevel="3" Project="Markov" Source="Markov\Markov.csproj" Description="Converted">
</Event><Event ErrorLevel="0" Project="" Source="Markov.sln" Description="Solution converted successfully">
</Event><Event ErrorLevel="3" Project="" Source="Markov.sln" Description="Converted">
</Event><Event ErrorLevel="0" Project="Markov" Source="Markov\Markov.csproj" Description="Scan complete: Upgrade not required for project files.">
</Event></UpgradeLog>