<?xml version="1.0" encoding="UTF-8"?><?xml-stylesheet type='text/xsl' href='_UpgradeReport_Files/UpgradeReport.xslt'?><UpgradeLog>
<Properties><Property Name="Solution" Value="Aplicacion">
</Property><Property Name="Archivo de la solución" Value="E:\Metodo Simplex\Aplicacion\Aplicacion.sln">
</Property><Property Name="Archivo de opciones de usuario" Value="E:\Metodo Simplex\Aplicacion\Aplicacion.suo">
</Property><Property Name="Date" Value="martes, 10 de mayo de 2011">
</Property><Property Name="Time" Value="18:22 p.m.">
</Property></Properties><Event ErrorLevel="0" Project="" Source="Aplicacion.sln" Description="La copia E:\Metodo Simplex\Aplicacion\recovery\Backup\Aplicacion.sln del archivo se ha realizado correctamente">
</Event><Event ErrorLevel="0" Project="" Source="Aplicacion.suo" Description="La copia E:\Metodo Simplex\Aplicacion\recovery\Backup\Aplicacion.suo del archivo se ha realizado correctamente">
</Event><Event ErrorLevel="0" Project="Aplicacion" Source="Aplicacion\Aplicacion.csproj" Description="Se realizó correctamente la copia de seguridad del archivo de proyecto E:\Metodo Simplex\Aplicacion\recovery\Backup\Aplicacion\Aplicacion.csproj">
</Event><Event ErrorLevel="0" Project="Aplicacion" Source="Aplicacion\Program.cs" Description="Se realizó correctamente la copia de seguridad del archivo E:\Metodo Simplex\Aplicacion\recovery\Backup\Aplicacion\Program.cs">
</Event><Event ErrorLevel="0" Project="Aplicacion" Source="Aplicacion\Properties\AssemblyInfo.cs" Description="Se realizó correctamente la copia de seguridad del archivo E:\Metodo Simplex\Aplicacion\recovery\Backup\Aplicacion\Properties\AssemblyInfo.cs">
</Event><Event ErrorLevel="0" Project="Aplicacion" Source="Aplicacion\Aplicacion.csproj" Description="Proyecto convertido correctamente">
</Event><Event ErrorLevel="3" Project="Aplicacion" Source="Aplicacion\Aplicacion.csproj" Description="Converted">
</Event><Event ErrorLevel="0" Project="" Source="Aplicacion.sln" Description="La solución se convirtió correctamente">
</Event><Event ErrorLevel="3" Project="" Source="Aplicacion.sln" Description="Converted">
</Event><Event ErrorLevel="0" Project="Aplicacion" Source="Aplicacion\Aplicacion.csproj" Description="Examen completo: no es necesario actualizar los archivos de proyecto.">
</Event></UpgradeLog>