<?xml version="1.0" encoding="UTF-8"?><?xml-stylesheet type='text/xsl' href='_UpgradeReport_Files/UpgradeReport.xslt'?><UpgradeLog>
<Properties><Property Name="Solution" Value="04 Sensibilidad">
</Property><Property Name="Archivo de la solución" Value="C:\Users\Maguie\Downloads\Programas IO 2\Programas IO II\4.- Sensibilidad\04 Sensibilidad.sln">
</Property><Property Name="Archivo de opciones de usuario" Value="C:\Users\Maguie\Downloads\Programas IO 2\Programas IO II\4.- Sensibilidad\04 Sensibilidad.suo">
</Property><Property Name="Date" Value="martes, 24 de septiembre de 2013">
</Property><Property Name="Time" Value="11:59 a.m.">
</Property><Property Name="Número de registro" Value="2">
</Property></Properties><Event ErrorLevel="0" Project="" Source="04 Sensibilidad.sln" Description="La copia C:\Users\Maguie\Downloads\Programas IO 2\Programas IO II\4.- Sensibilidad\Backup\04 Sensibilidad.sln del archivo se ha realizado correctamente">
</Event><Event ErrorLevel="0" Project="" Source="04 Sensibilidad.suo" Description="La copia C:\Users\Maguie\Downloads\Programas IO 2\Programas IO II\4.- Sensibilidad\Backup\04 Sensibilidad.suo del archivo se ha realizado correctamente">
</Event><Event ErrorLevel="0" Project="04 Sensibilidad" Source="Aplicacion\04 Sensibilidad.csproj" Description="Se realizó correctamente la copia de seguridad del archivo de proyecto C:\Users\Maguie\Downloads\Programas IO 2\Programas IO II\4.- Sensibilidad\Backup\Aplicacion\04 Sensibilidad.csproj">
</Event><Event ErrorLevel="0" Project="04 Sensibilidad" Source="Aplicacion\Program.cs" Description="Se realizó correctamente la copia de seguridad del archivo C:\Users\Maguie\Downloads\Programas IO 2\Programas IO II\4.- Sensibilidad\Backup\Aplicacion\Program.cs">
</Event><Event ErrorLevel="0" Project="04 Sensibilidad" Source="Aplicacion\Properties\AssemblyInfo.cs" Description="Se realizó correctamente la copia de seguridad del archivo C:\Users\Maguie\Downloads\Programas IO 2\Programas IO II\4.- Sensibilidad\Backup\Aplicacion\Properties\AssemblyInfo.cs">
</Event><Event ErrorLevel="0" Project="04 Sensibilidad" Source="Aplicacion\04 Sensibilidad.csproj" Description="Proyecto convertido correctamente">
</Event><Event ErrorLevel="3" Project="04 Sensibilidad" Source="Aplicacion\04 Sensibilidad.csproj" Description="Converted">
</Event><Event ErrorLevel="0" Project="" Source="04 Sensibilidad.sln" Description="La solución se convirtió correctamente">
</Event><Event ErrorLevel="3" Project="" Source="04 Sensibilidad.sln" Description="Converted">
</Event><Event ErrorLevel="0" Project="04 Sensibilidad" Source="Aplicacion\04 Sensibilidad.csproj" Description="Examen completo: no es necesario actualizar los archivos de proyecto.">
</Event></UpgradeLog>