<?xml version="1.0" encoding="UTF-8"?><?xml-stylesheet type='text/xsl' href='_UpgradeReport_Files/UpgradeReport.xslt'?><UpgradeLog>
<Properties><Property Name="Solution" Value="LINEAS DE ESPERA">
</Property><Property Name="Solution File" Value="C:\Users\yasberth\Desktop\trabajos\IO\IO 3\Programas IO II Diego Armando Gordillo Vazquez\3.- Lineas de espera\LINEAS DE ESPERA.sln">
</Property><Property Name="User Options File" Value="C:\Users\yasberth\Desktop\trabajos\IO\IO 3\Programas IO II Diego Armando Gordillo Vazquez\3.- Lineas de espera\LINEAS DE ESPERA.suo">
</Property><Property Name="Date" Value="lunes, 06 de mayo de 2013">
</Property><Property Name="Time" Value="22:04 p.m.">
</Property></Properties><Event ErrorLevel="0" Project="" Source="LINEAS DE ESPERA.sln" Description="File successfully backed up as C:\Users\yasberth\Desktop\trabajos\IO\IO 3\Programas IO II Diego Armando Gordillo Vazquez\3.- Lineas de espera\Backup\LINEAS DE ESPERA.sln">
</Event><Event ErrorLevel="0" Project="" Source="LINEAS DE ESPERA.suo" Description="File successfully backed up as C:\Users\yasberth\Desktop\trabajos\IO\IO 3\Programas IO II Diego Armando Gordillo Vazquez\3.- Lineas de espera\Backup\LINEAS DE ESPERA.suo">
</Event><Event ErrorLevel="0" Project="LINEAS DE ESPERA" Source="LINEAS DE ESPERA\LINEAS DE ESPERA.vbproj" Description="Project file successfully backed up as C:\Users\yasberth\Desktop\trabajos\IO\IO 3\Programas IO II Diego Armando Gordillo Vazquez\3.- Lineas de espera\Backup\LINEAS DE ESPERA\LINEAS DE ESPERA.vbproj">
</Event><Event ErrorLevel="0" Project="LINEAS DE ESPERA" Source="LINEAS DE ESPERA\LINEAS DE ESPERA.vbproj.user" Description="Project user file successfully backed up as C:\Users\yasberth\Desktop\trabajos\IO\IO 3\Programas IO II Diego Armando Gordillo Vazquez\3.- Lineas de espera\Backup\LINEAS DE ESPERA\LINEAS DE ESPERA.vbproj.user">
</Event><Event ErrorLevel="0" Project="LINEAS DE ESPERA" Source="LINEAS DE ESPERA\ESPERA.Designer.vb" Description="File successfully backed up as C:\Users\yasberth\Desktop\trabajos\IO\IO 3\Programas IO II Diego Armando Gordillo Vazquez\3.- Lineas de espera\Backup\LINEAS DE ESPERA\ESPERA.Designer.vb">
</Event><Event ErrorLevel="0" Project="LINEAS DE ESPERA" Source="LINEAS DE ESPERA\ESPERA.vb" Description="File successfully backed up as C:\Users\yasberth\Desktop\trabajos\IO\IO 3\Programas IO II Diego Armando Gordillo Vazquez\3.- Lineas de espera\Backup\LINEAS DE ESPERA\ESPERA.vb">
</Event><Event ErrorLevel="0" Project="LINEAS DE ESPERA" Source="LINEAS DE ESPERA\My Project\AssemblyInfo.vb" Description="File successfully backed up as C:\Users\yasberth\Desktop\trabajos\IO\IO 3\Programas IO II Diego Armando Gordillo Vazquez\3.- Lineas de espera\Backup\LINEAS DE ESPERA\My Project\AssemblyInfo.vb">
</Event><Event ErrorLevel="0" Project="LINEAS DE ESPERA" Source="LINEAS DE ESPERA\My Project\Application.Designer.vb" Description="File successfully backed up as C:\Users\yasberth\Desktop\trabajos\IO\IO 3\Programas IO II Diego Armando Gordillo Vazquez\3.- Lineas de espera\Backup\LINEAS DE ESPERA\My Project\Application.Designer.vb">
</Event><Event ErrorLevel="0" Project="LINEAS DE ESPERA" Source="LINEAS DE ESPERA\My Project\Resources.Designer.vb" Description="File successfully backed up as C:\Users\yasberth\Desktop\trabajos\IO\IO 3\Programas IO II Diego Armando Gordillo Vazquez\3.- Lineas de espera\Backup\LINEAS DE ESPERA\My Project\Resources.Designer.vb">
</Event><Event ErrorLevel="0" Project="LINEAS DE ESPERA" Source="LINEAS DE ESPERA\My Project\Settings.Designer.vb" Description="File successfully backed up as C:\Users\yasberth\Desktop\trabajos\IO\IO 3\Programas IO II Diego Armando Gordillo Vazquez\3.- Lineas de espera\Backup\LINEAS DE ESPERA\My Project\Settings.Designer.vb">
</Event><Event ErrorLevel="0" Project="LINEAS DE ESPERA" Source="LINEAS DE ESPERA\RESULTA.vb" Description="File successfully backed up as C:\Users\yasberth\Desktop\trabajos\IO\IO 3\Programas IO II Diego Armando Gordillo Vazquez\3.- Lineas de espera\Backup\LINEAS DE ESPERA\RESULTA.vb">
</Event><Event ErrorLevel="0" Project="LINEAS DE ESPERA" Source="LINEAS DE ESPERA\RESULTADO.Designer.vb" Description="File successfully backed up as C:\Users\yasberth\Desktop\trabajos\IO\IO 3\Programas IO II Diego Armando Gordillo Vazquez\3.- Lineas de espera\Backup\LINEAS DE ESPERA\RESULTADO.Designer.vb">
</Event><Event ErrorLevel="0" Project="LINEAS DE ESPERA" Source="LINEAS DE ESPERA\RESULTADO.vb" Description="File successfully backed up as C:\Users\yasberth\Desktop\trabajos\IO\IO 3\Programas IO II Diego Armando Gordillo Vazquez\3.- Lineas de espera\Backup\LINEAS DE ESPERA\RESULTADO.vb">
</Event><Event ErrorLevel="0" Project="LINEAS DE ESPERA" Source="LINEAS DE ESPERA\My Project\Application.myapp" Description="File successfully backed up as C:\Users\yasberth\Desktop\trabajos\IO\IO 3\Programas IO II Diego Armando Gordillo Vazquez\3.- Lineas de espera\Backup\LINEAS DE ESPERA\My Project\Application.myapp">
</Event><Event ErrorLevel="0" Project="LINEAS DE ESPERA" Source="LINEAS DE ESPERA\My Project\Settings.settings" Description="File successfully backed up as C:\Users\yasberth\Desktop\trabajos\IO\IO 3\Programas IO II Diego Armando Gordillo Vazquez\3.- Lineas de espera\Backup\LINEAS DE ESPERA\My Project\Settings.settings">
</Event><Event ErrorLevel="0" Project="LINEAS DE ESPERA" Source="LINEAS DE ESPERA\ESPERA.resx" Description="File successfully backed up as C:\Users\yasberth\Desktop\trabajos\IO\IO 3\Programas IO II Diego Armando Gordillo Vazquez\3.- Lineas de espera\Backup\LINEAS DE ESPERA\ESPERA.resx">
</Event><Event ErrorLevel="0" Project="LINEAS DE ESPERA" Source="LINEAS DE ESPERA\My Project\Resources.resx" Description="File successfully backed up as C:\Users\yasberth\Desktop\trabajos\IO\IO 3\Programas IO II Diego Armando Gordillo Vazquez\3.- Lineas de espera\Backup\LINEAS DE ESPERA\My Project\Resources.resx">
</Event><Event ErrorLevel="0" Project="LINEAS DE ESPERA" Source="LINEAS DE ESPERA\RESULTADO.resx" Description="File successfully backed up as C:\Users\yasberth\Desktop\trabajos\IO\IO 3\Programas IO II Diego Armando Gordillo Vazquez\3.- Lineas de espera\Backup\LINEAS DE ESPERA\RESULTADO.resx">
</Event><Event ErrorLevel="0" Project="LINEAS DE ESPERA" Source="LINEAS DE ESPERA\LINEAS DE ESPERA.vbproj" Description="Project converted successfully">
</Event><Event ErrorLevel="3" Project="LINEAS DE ESPERA" Source="LINEAS DE ESPERA\LINEAS DE ESPERA.vbproj" Description="Converted">
</Event><Event ErrorLevel="0" Project="" Source="LINEAS DE ESPERA.sln" Description="Solution converted successfully">
</Event><Event ErrorLevel="3" Project="" Source="LINEAS DE ESPERA.sln" Description="Converted">
</Event><Event ErrorLevel="0" Project="LINEAS DE ESPERA" Source="LINEAS DE ESPERA\LINEAS DE ESPERA.vbproj" Description="Scan complete: Upgrade not required for project files.">
</Event></UpgradeLog>